<?xml version="1.0" encoding="utf-8"?><install type="component" version="1.5.0" method="upgrade">	<name>J2XML</name>	<creationDate>June 2015</creationDate>	<author>Helios Ciancio</author>	<authorEmail>info@eshiol.it</authorEmail>	<authorUrl>www.eshiol.it</authorUrl>	<copyright>(C) 2010-2015, Helios Ciancio. All rights reserved.</copyright>	<license>GNU/GPL v3</license>	<version>1.5.4.81</version>	<description>COM_J2XML_DESCRIPTION</description>	<install>		<sql>			<file driver="mysql" charset="utf8">sql/install.mysql.utf8.sql</file>		</sql>	</install>	<uninstall>		<sql>			<file driver="mysql" charset="utf8">sql/uninstall.mysql.utf8.sql</file>		</sql>	</uninstall>	<administration>		<!-- Administration Menu Section -->		<menu img="components/com_j2xml/assets/images/menu/icon-16-j2xml.png">J2XML</menu>		<submenu>			<menu view="cpanel" img="components/com_j2xml/assets/images/menu/icon-16-cpanel.png">COM_J2XML_MENU_CPANEL</menu>			<menu view="websites" img="components/com_j2xml/assets/images/menu/icon-16-websites.png">COM_J2XML_MENU_WEBSITE</menu>		</submenu>		<!-- Administration Main File Copy Section -->		<!-- Note the folder attribute: This attribute describes the folder			to copy FROM in the package to install therefore files copied			in this section are copied from /admin/ in the package -->		<files folder="admin">			<filename>j2xml.php</filename>			<filename>config.xml</filename>			<filename>index.html</filename>			<filename>toolbar.j2xml.html.php</filename>			<filename>toolbar.j2xml.php</filename>			<folder>assets</folder>			<folder>buttons</folder>			<folder>controllers</folder>			<folder>files</folder>			<folder>helpers</folder>			<folder>models</folder>			<folder>sql</folder>			<folder>tables</folder>			<folder>views</folder>		</files>			<languages folder="admin">			<language tag="en-GB">language/en-GB/en-GB.com_j2xml.ini</language>			<language tag="en-GB">language/en-GB/en-GB.com_j2xml.menu.ini</language>			<language tag="it-IT">language/it-IT/it-IT.com_j2xml.ini</language>			<language tag="it-IT">language/it-IT/it-IT.com_j2xml.menu.ini</language>		</languages>	</administration></install>