<?xml version="1.0" encoding="UTF-8"?>
<extension type="package" version="3.0" method="upgrade">
  <name>pkg_j2xml</name>
  <author>Helios Ciancio</author>
  <creationDate>May 2020</creationDate>
  <packagename>j2xml</packagename>
  <version>3.7.208</version>
  <url>http://www.eshiol.it</url>
  <copyright><![CDATA[(C) 2010 - 2020 Helios Ciancio <info (at) eshiol (dot) it> (https://www.eshiol.it). All Rights Reserved.]]></copyright>
  <packager>Helios Ciancio</packager>
  <packagerurl>http://www.eshiol.it/</packagerurl>
  <description>PKG_J2XML_XML_DESCRIPTION</description>
  <updateservers>
    <server type="extension" priority="2" name="J2XML">https://www.eshiol.it/files/j2xml37/j2xml.xml</server>
  </updateservers>
  <files>
    <folder type="library" id="core">lib_eshiol_core-20.4.37.zip</folder>
    <folder type="library" id="j2xml">lib_eshiol_J2xml-20.5.349.zip</folder>
    <folder type="library" id="phpxmlrpc">lib_eshiol_phpxmlrpc-4.4.1.24.zip</folder>
    <folder type="component" id="j2xml">com_j2xml-3.7.208.zip</folder>
    <folder type="plugin" id="j2xml" group="system">plg_system_j2xml-3.7.49.zip</folder>
    <folder type="file" id="j2xml">cli_j2xml-3.7.23.zip</folder>
  </files>
  <languages folder="language">
    <language tag="en-GB">en-GB/en-GB.pkg_j2xml.sys.ini</language>
  </languages>
</extension>
