<?xml version="1.0" encoding="utf-8"?>
<extension version="3.0" type="plugin" group="j2xml" method="upgrade">
  <name>plg_j2xml_wordpress</name>
  <author>Helios Ciancio</author>
  <creationDate>November 2019</creationDate>
  <copyright>(C) 2014 - 2019 Helios Ciancio. All rights reserved.</copyright>
  <license>http://www.gnu.org/licenses/gpl-3.0.html GNU/GPL v3</license>
  <authorEmail>info@eshiol.it</authorEmail>
  <authorUrl>www.eshiol.it</authorUrl>
  <version>4.4.32</version>
  <description>PLG_J2XML_WORDPRESS_XML_DESCRIPTION</description>
  <updateservers>
    <server type="extension" priority="2" name="J2XML - WordPress Importer">https://www.eshiol.it/files/plg_j2xml_wordpress/plg_j2xml_wordpress.xml</server>
  </updateservers>
  <scriptfile>enable.php</scriptfile>
  <files>
    <filename plugin="wordpress">wordpress.php</filename>
    <filename>11.xsl</filename>
    <filename>12.xsl</filename>
  </files>
  <languages folder="language">
    <language tag="en-GB">en-GB/en-GB.plg_j2xml_wordpress.ini</language>
    <language tag="en-GB">en-GB/en-GB.plg_j2xml_wordpress.sys.ini</language>
    <language tag="it-IT">it-IT/it-IT.plg_j2xml_wordpress.ini</language>
    <language tag="it-IT">it-IT/it-IT.plg_j2xml_wordpress.sys.ini</language>
  </languages>
  <media destination="plg_j2xml_wordpress" folder="media">
    <folder>js</folder>
  </media>
  <config>
    <fields name="params">
      <fieldset name="basic">
        <field name="readmore" type="radio" class="btn-group" default="1" label="PLG_J2XML_WORDPRESS_READMORE_LABEL" description="PLG_J2XML_WORDPRESS_READMORE_DESC">
          <option value="0">JNO</option>
          <option value="1">JYES</option>
        </field>
        <field name="post_type" type="text" default="" label="PLG_J2XML_WORDPRESS_POSTTYPE_LABEL" description="PLG_J2XML_WORDPRESS_POSTTYPE_DESC"/>
      </fieldset>
      <fieldset name="debug" label="PLG_J2XML_WORDPRESS_DEBUG_FIELDSET_LABEL">
        <field name="debug" type="list" default="" filter="integer" description="PLG_J2XML_WORDPRESS_DEBUG_SYSTEM_DESC" label="PLG_J2XML_WORDPRESS_DEBUG_SYSTEM_LABEL">
          <option value="">JGLOBAL_USE_GLOBAL</option>
          <option value="1">JYES</option>
          <option value="0">JNO</option>
        </field>
        <field name="log" type="text" label="PLG_J2XML_WORDPRESS_DEBUG_FILENAME_LABEL" description="PLG_J2XML_WORDPRESS_DEBUG_FILENAME_DESC" default="eshiol.log.php" showon="debug:1"/>
        <field name="phpconsole" type="radio" class="btn-group btn-group-yesno" default="0" description="PLG_J2XML_WORDPRESS_DEBUG_PHPCONSOLE_DESC" label="PLG_J2XML_WORDPRESS_DEBUG_PHPCONSOLE_LABEL">
          <option value="1">JYES</option>
          <option value="0">JNO</option>
        </field>
      </fieldset>
    </fields>
  </config>
</extension>
