<?xml version="1.0" ?>
<!DOCTYPE jupgrade>
<jupgrade>
	<name>AdminPraise for Joomla 1.7</name>

	<collection>http://anonymous:@joomlacode.org/svn/joomla/development/branches/jupgrade/extensions/adminpraise/adminpraise.collection.xml</collection>

	<!-- The tables to copy to the new site.
	<tables>
		<table>adminpraise_menu</table>
		<table>adminpraise_menu_types</table>
	</tables>-->

	<!-- The folders to copy to the new site. -->
	<folders>
		<folder>media/com_adminpraise</folder>
	</folders>

	<!-- The categories to copy to the new site. -->
	<!--
	<categories>
		<category section="com_kunena"></category>
	</categories>
	-->
</jupgrade>
