<?xml version="1.0" encoding="utf-8"?>
<extension type="module" version="3.1" client="administrator" method="upgrade">
	<name>mod_multilangstatus</name>
	<author>Joomla! Project</author>
	<creationDate>September 2011</creationDate>
	<copyright>Copyright (C) 2005 - 2016 Open Source Matters. All rights reserved.</copyright>
	<license>GNU General Public License version 2 or later; see LICENSE.txt</license>
	<authorEmail>admin@joomla.org</authorEmail>
	<authorUrl>www.joomla.org</authorUrl>
	<version>3.0.0</version>
	<description>MOD_MULTILANGSTATUS_XML_DESCRIPTION</description>

	<files>
		<filename module="mod_multilangstatus">mod_multilangstatus.php</filename>
		<folder>tmpl</folder>
		<folder>language</folder>
	</files>

	<languages>
		<language tag="en-GB">language/en-GB/en-GB.mod_multilangstatus.ini</language>
		<language tag="en-GB">language/en-GB/en-GB.mod_multilangstatus.sys.ini</language>
	</languages>

	<help key="JHELP_EXTENSIONS_MODULE_MANAGER_ADMIN_MULTILANG" />

	<config>

		<fields name="params">

			<fieldset name="advanced">

				<field
					name="layout"
					type="modulelayout"
					label="JFIELD_ALT_LAYOUT_LABEL"
					description="JFIELD_ALT_MODULE_LAYOUT_DESC"
				/>

				<field
					name="moduleclass_sfx"
					type="textarea" rows="3"
					label="COM_MODULES_FIELD_MODULECLASS_SFX_LABEL"
					description="COM_MODULES_FIELD_MODULECLASS_SFX_DESC"
				/>

			</fieldset>
		</fields>
	</config>
</extension>
