<?xml version="1.0" encoding="utf-8"?>
<install version="1.5" type="plugin" group="system" method="upgrade">
	<name>System - J2XML</name>
	<author>Helios Ciancio</author>
	<creationDate>February 2011</creationDate>
	<copyright>(C) 2010-2011, Helios Ciancio. All rights reserved.</copyright>
	<license>http://www.gnu.org/licenses/gpl-3.0.html GNU/GPL v3</license>
	<authorEmail>info@eshiol.it</authorEmail>
	<authorUrl>www.eshiol.it</authorUrl>
	<version>1.5.3.10</version>
	<description>System - J2XML</description>
	<files>
		<filename plugin="j2xml">j2xml.php</filename>
	</files>
	<params />
</install>
