<?xml version="1.0" encoding="utf-8"?>
<extension version="3.0" type="plugin" group="system">
	<name>System - jUpgradePro</name>
	<author>Matias Aguirre</author>
	<creationDate>10/Apr/2013</creationDate>
	<copyright>Copyright (C) 2005 - 2013 Matware. All rights reserved.</copyright>
	<license>http://www.gnu.org/licenses/gpl-2.0.html GNU/GPL</license>
	<authorEmail>maguirre@matware.com.ar</authorEmail>
	<authorUrl>http://www.matware.com.ar</authorUrl>
	<version>3.0</version>
	<description>RESTFul WebService for jUpgradePro</description>
	<files>
		<filename plugin="jupgradepro">jupgradepro.php</filename>
		<folder>jupgradepro</folder>
	</files>
	<config>
		<fields name="params">
			<fieldset name="basic">
				<field name="client_key" type="password"
				description="Key of the client side"
				label="Key of the client side"
				default=""
				/>
			</fieldset>
		</fields>
	</config>
</extension>
