<?xml version="1.0" encoding="UTF-8"?>
<extension type="component" method="upgrade">
	<name>com_templates</name>
	<author>Joomla! Project</author>
	<creationDate>2006-04</creationDate>
	<copyright>(C) 2006 Open Source Matters, Inc.</copyright>
	<license>GNU General Public License version 2 or later; see LICENSE.txt</license>
	<authorEmail>admin@joomla.org</authorEmail>
	<authorUrl>www.joomla.org</authorUrl>
	<version>4.0.0</version>
	<description>COM_TEMPLATES_XML_DESCRIPTION</description>
	<namespace path="src">Joomla\Component\Templates</namespace>
	<media destination="com_templates" folder="media">
		<folder>css</folder>
		<folder>js</folder>
	</media>
	<administration>
		<files folder="admin">
			<filename>access.xml</filename>
			<filename>config.xml</filename>
			<filename>templates.xml</filename>
			<folder>forms</folder>
			<folder>helpers</folder>
			<folder>services</folder>
			<folder>src</folder>
			<folder>tmpl</folder>
		</files>
		<languages folder="admin">
			<language tag="en-GB">language/en-GB/com_templates.ini</language>
			<language tag="en-GB">language/en-GB/com_templates.sys.ini</language>
		</languages>
	</administration>
</extension>

