<?xml version="1.0" encoding="UTF-8" ?>
<extension type="library" version="3.1">
	<name>LIB_JOOMLA</name>
	<libraryname>joomla</libraryname>
	<version>13.1</version>
	<description>LIB_JOOMLA_XML_DESCRIPTION</description>
	<creationDate>2008</creationDate>
	<copyright>Copyright (C) 2005 - 2016 Open Source Matters. All rights reserved.</copyright>
	<license>GNU General Public License version 2 or later; see LICENSE.txt</license>
	<author>Joomla! Project</author>
	<authorEmail>admin@joomla.org</authorEmail>
	<authorUrl>https://www.joomla.org</authorUrl>
	<packager>Joomla!</packager>
	<packagerurl>https://www.joomla.org</packagerurl>
	<files folder="libraries">
		<folder>compat</folder>
		<folder>joomla</folder>
		<folder>legacy</folder>
		<file>import.legacy.php</file>
		<file>import.php</file>
		<file>loader.php</file>
		<file>platform.php</file>
	</files>
</extension>
