<?xml version="1.0" encoding="utf-8"?>
<extension type="module" version="3.1" client="administrator" method="upgrade">
	<name>mod_status</name>
	<author>Joomla! Project</author>
	<creationDate>Feb 2006</creationDate>
	<copyright>(C) 2005 - 2016 Open Source Matters. All rights reserved.</copyright>
	<license>GNU General Public License version 2 or later; see LICENSE.txt</license>
	<authorEmail>admin@joomla.org</authorEmail>
	<authorUrl>www.joomla.org</authorUrl>
	<version>3.0.0</version>
	<description>MOD_STATUS_XML_DESCRIPTION</description>
	<files>
		<filename module="mod_status">mod_status.php</filename>
		<folder>tmpl</folder>
	</files>
	<languages>
		<language tag="en-GB">en-GB.mod_status.ini</language>
		<language tag="en-GB">en-GB.mod_status.sys.ini</language>
	</languages>
	<help key="JHELP_EXTENSIONS_MODULE_MANAGER_ADMIN_STATUS" />
	<config>
		<fields name="params">
			<fieldset name="basic">
			<field
					name="show_viewsite"
					type="radio"
					class="btn-group btn-group-yesno"
					default="1"
					label="MOD_STATUS_FIELD_SHOW_VIEWSITE_LABEL"
					description="MOD_STATUS_FIELD_SHOW_VIEWSITE_DESC">
					<option value="1">JYES</option>
					<option value="0">JNO</option>
				</field>
			<field
					name="show_viewadmin"
					type="radio"
					class="btn-group btn-group-yesno"
					default="0"
					label="MOD_STATUS_FIELD_SHOW_VIEWADMIN_LABEL"
					description="MOD_STATUS_FIELD_SHOW_VIEWADMIN_DESC">
					<option value="1">JYES</option>
					<option value="0">JNO</option>
				</field>
				<field
					name="show_loggedin_users"
					type="radio"
					class="btn-group btn-group-yesno"
					default="1"
					label="MOD_STATUS_FIELD_SHOW_LOGGEDIN_USERS_LABEL"
					description="MOD_STATUS_FIELD_SHOW_LOGGEDIN_USERS_DESC">
					<option value="1">JYES</option>
					<option value="0">JNO</option>
				</field>
				<field
					name="show_loggedin_users_admin"
					type="radio"
					class="btn-group btn-group-yesno"
					default="1"
					label="MOD_STATUS_FIELD_SHOW_LOGGEDIN_USERS_ADMIN_LABEL"
					description="MOD_STATUS_FIELD_SHOW_LOGGEDIN_USERS_ADMIN_DESC">
					<option value="1">JYES</option>
					<option value="0">JNO</option>
				</field>
				<field
					name="show_messages"
					type="radio"
					class="btn-group btn-group-yesno"
					default="1"
					label="MOD_STATUS_FIELD_SHOW_MESSAGES_LABEL"
					description="MOD_STATUS_FIELD_SHOW_MESSAGES_DESC">
					<option value="1">JYES</option>
					<option value="0">JNO</option>
				</field>
			</fieldset>
			<fieldset name="advanced">
				<field
					name="layout"
					type="modulelayout"
					label="JFIELD_ALT_LAYOUT_LABEL"
					description="JFIELD_ALT_MODULE_LAYOUT_DESC" />

				<field
					name="moduleclass_sfx"
					type="textarea" rows="3"
					label="COM_MODULES_FIELD_MODULECLASS_SFX_LABEL"
					description="COM_MODULES_FIELD_MODULECLASS_SFX_DESC" />

			</fieldset>
		</fields>
	</config>
</extension>
