<?xml version="1.0" encoding="UTF-8"?>
<extension type="component" method="upgrade">
	<name>com_admin</name>
	<author>Joomla! Project</author>
	<creationDate>2006-04</creationDate>
	<copyright>(C) 2006 Open Source Matters, Inc.</copyright>
	<license>GNU General Public License version 2 or later; see LICENSE.txt</license>
	<authorEmail>admin@joomla.org</authorEmail>
	<authorUrl>www.joomla.org</authorUrl>
	<version>4.0.0</version>
	<description>COM_ADMIN_XML_DESCRIPTION</description>
	<namespace path="src">Joomla\Component\Admin</namespace>
	<media />
	<administration>
		<files folder="admin">
			<filename>admin.xml</filename>
			<filename>script.php</filename>
			<folder>postinstall</folder>
			<folder>services</folder>
			<folder>src</folder>
			<folder>tmpl</folder>
		</files>
		<languages folder="admin">
			<language tag="en-GB">language/en-GB/com_admin.ini</language>
			<language tag="en-GB">language/en-GB/com_admin.sys.ini</language>
		</languages>
	</administration>
</extension>
