<?xml version="1.0" encoding="utf-8"?>
<install version="1.5" type="plugin" group="xmlrpc" method="upgrade">
	<name>XML-RPC - J2XML API</name>
	<author>Helios Ciancio</author>
	<creationDate>May 2011</creationDate>
	<copyright>(C) 2010-2011, Helios Ciancio. All rights reserved.</copyright>
	<license>http://www.gnu.org/licenses/gpl-3.0.html GNU/GPL v3</license>
	<authorEmail>info@eshiol.it</authorEmail>
	<authorUrl>www.eshiol.it</authorUrl>
	<version>1.5.3.8</version>
	<description>J2XML XML-RPC API</description>
	<files>
		<filename plugin="j2xml">j2xml.php</filename>
	</files>
</install>
